{
	"default": {
		"noise_params": [
			[25.0, 1.0, 64.0, 0.8],
			[1.0, 1.0, 128.0, 0.9],
			[1.0, 3.0, 24.0, 0.1]
		],
		"chunk_layer_noise": 5,
		"chunk_layer_midlines": [3.5, 7],
		"chunk_layer_colors": [
			[1, 0.878431, 0.666667], 
			[0.423529, 0.631373, 0.513726], 
			[0.407843, 0.862745, 0.160784]
		],
		"water_level": 0.0,
		"water_foam_movement": 1.0,
		"water_color_fill": [0.203922, 1, 1],
		"water_color_foam": [1, 1, 1]
	},
	
	"mountains": {
		"noise_params": [
			[100.0, 1.0, 64.0, 0.8],
			[6.0, 1.0, 1.0, 0.9],
			[1.0, 3.0, 24.0, 0.1]
		],
		"chunk_layer_noise": 5,
		"chunk_layer_midlines": [3.5, 7],
		"chunk_layer_colors": [
			[0, 0.878431, 0.666667], 
			[0.423529, 0.631373, 0.513726], 
			[0.407843, 0.4, 0.4]
		],
		"water_level": 0.0,
		"water_foam_movement": 1.0,
		"water_color_fill": [1, 0.2, 0.1],
		"water_color_foam": [0, 0, 0]
	}
}